"Date","Dernier","Ouv."," Plus Haut","Plus Bas","Variation %"
"24/10/2025","114,14","114,20","114,14","114,14","-0,05%"
"23/10/2025","114,20","114,20","114,20","114,20","-0,49%"
"22/10/2025","114,76","114,76","114,77","114,76","-0,01%"
"21/10/2025","114,77","114,63","114,77","114,63","0,03%"
"20/10/2025","114,73","114,67","114,73","114,67","0,20%"
"17/10/2025","114,50","114,45","114,50","114,45","-0,02%"
"16/10/2025","114,52","114,52","114,52","114,52","0,00%"
"15/10/2025","114,52","114,67","114,68","114,37","-0,02%"
"14/10/2025","114,54","114,01","114,54","114,01","0,30%"
"13/10/2025","114,20","114,18","114,20","114,20","0,02%"
"10/10/2025","114,18","114,18","114,18","114,18","0,18%"
"09/10/2025","113,97","113,98","113,97","113,97","-0,74%"
"08/10/2025","114,82","113,98","114,82","113,84","0,17%"
"07/10/2025","114,63","114,16","114,63","114,16","0,55%"
"06/10/2025","114,00","114,00","114,00","114,00","-0,65%"
"03/10/2025","114,75","114,75","114,75","114,75","0,66%"
"02/10/2025","114,00","113,76","114,00","114,00","0,29%"
"01/10/2025","113,67","113,76","113,85","113,67","-0,23%"
"30/09/2025","113,93","113,68","113,93","113,68","0,20%"
"29/09/2025","113,70","114,21","114,21","113,70","-0,18%"
"26/09/2025","113,91","113,67","113,91","113,67","0,06%"
"25/09/2025","113,84","113,86","114,06","113,84","-0,21%"
"24/09/2025","114,08","114,08","114,08","114,08","-0,04%"
"23/09/2025","114,12","113,97","114,13","113,97","0,04%"
"22/09/2025","114,08","114,05","114,08","114,00","0,18%"
"19/09/2025","113,88","113,70","114,27","113,70","-0,37%"
"18/09/2025","114,30","114,39","114,39","114,30","-0,02%"
"17/09/2025","114,32","114,32","114,32","114,32","-0,30%"
"16/09/2025","114,66","114,29","114,66","114,29","0,13%"
"15/09/2025","114,51","114,51","114,51","114,51","0,20%"
"12/09/2025","114,28","114,28","114,28","114,28","-0,55%"
"11/09/2025","114,91","114,61","114,91","114,61","0,24%"
"10/09/2025","114,63","114,70","114,70","114,63","0,17%"
"09/09/2025","114,43","114,73","114,73","114,43","-0,21%"
"08/09/2025","114,67","114,11","114,88","114,11","0,41%"
"05/09/2025","114,20","114,26","114,26","114,20","0,06%"
"04/09/2025","114,13","113,93","114,37","113,93","0,27%"
"03/09/2025","113,82","113,75","113,86","113,75","-0,10%"
"02/09/2025","113,93","113,97","114,20","113,93","-0,57%"
"01/09/2025","114,58","114,62","114,62","114,33","0,10%"
"29/08/2025","114,47","114,47","114,47","114,47","-0,63%"
"28/08/2025","115,20","115,20","115,20","115,20","-0,07%"
"27/08/2025","115,28","115,19","115,47","115,19","0,24%"
"26/08/2025","115,00","115,28","115,28","115,00","0,00%"
"25/08/2025","115,00","115,00","115,00","115,00","-0,19%"
"23/08/2025","115,22","115,26","115,22","115,22","0,00%"
"22/08/2025","115,22","115,26","115,22","115,22","0,13%"
"21/08/2025","115,07","115,26","115,07","115,07","-0,16%"
"20/08/2025","115,26","115,26","115,26","115,26","0,04%"
"19/08/2025","115,21","114,97","115,21","115,21","0,21%"
"18/08/2025","114,97","114,97","114,97","114,97","-0,54%"
"17/08/2025","115,60","115,29","115,60","115,60","0,00%"
"14/08/2025","115,60","115,29","115,60","115,60","-0,09%"
"13/08/2025","115,70","115,29","115,70","115,70","-0,01%"
"12/08/2025","115,71","115,29","115,71","115,29","-0,11%"
"11/08/2025","115,84","115,90","115,90","115,84","0,03%"
"08/08/2025","115,80","115,91","115,91","115,51","-0,01%"
"07/08/2025","115,81","116,10","116,10","115,81","0,00%"
"06/08/2025","115,81","115,73","115,81","115,73","-0,71%"
"05/08/2025","116,64","116,25","116,64","115,76","1,00%"
"04/08/2025","115,49","115,53","115,63","115,36","-0,35%"
"01/08/2025","115,89","115,60","115,89","115,60","-0,14%"
"31/07/2025","116,05","116,04","116,05","116,04","0,12%"
"30/07/2025","115,91","116,04","115,91","115,91","-0,11%"
"29/07/2025","116,04","116,04","116,04","116,04","-0,32%"
"28/07/2025","116,41","116,20","116,41","116,20","0,45%"
"25/07/2025","115,89","116,00","116,16","115,67","-0,80%"
"24/07/2025","116,83","116,41","116,83","116,34","0,59%"
"23/07/2025","116,15","116,74","116,74","116,15","-0,69%"
"22/07/2025","116,96","116,96","116,96","116,96","-0,27%"
"21/07/2025","117,28","116,89","117,59","116,89","0,51%"
"18/07/2025","116,68","116,60","117,04","116,60","-0,32%"
"17/07/2025","117,05","116,67","117,05","116,16","0,23%"
"16/07/2025","116,78","117,04","117,06","116,78","-0,07%"
"15/07/2025","116,86","117,05","116,86","116,86","-0,09%"
"14/07/2025","116,96","117,05","117,05","116,96","-0,03%"
"11/07/2025","117,00","117,00","117,00","117,00","0,21%"
"10/07/2025","116,76","116,98","116,76","116,76","-0,25%"
"09/07/2025","117,05","116,98","117,05","116,98","0,18%"
"08/07/2025","116,84","116,71","116,84","116,71","-0,07%"
"07/07/2025","116,92","116,92","116,92","116,92","0,69%"
"04/07/2025","116,12","116,12","116,12","116,12","-0,27%"
"03/07/2025","116,44","115,54","116,44","116,44","0,60%"
"02/07/2025","115,74","115,54","115,95","115,54","-0,20%"
"01/07/2025","115,97","115,96","115,97","115,96","0,21%"
"30/06/2025","115,73","115,63","115,73","115,73","0,20%"
"27/06/2025","115,50","115,63","115,81","115,50","-0,22%"
"26/06/2025","115,75","115,75","115,75","115,75","-0,02%"
"25/06/2025","115,77","116,14","116,14","115,77","0,06%"
"24/06/2025","115,70","115,84","115,85","115,64","0,17%"
"23/06/2025","115,50","115,75","115,75","115,50","-0,69%"
"20/06/2025","116,30","116,20","116,46","115,80","0,43%"
"19/06/2025","115,80","115,73","115,80","115,73","0,03%"
"18/06/2025","115,76","115,76","115,76","115,76","-0,33%"
"17/06/2025","116,14","115,62","116,17","115,62","-0,09%"
"16/06/2025","116,24","116,00","116,24","116,24","0,47%"
"13/06/2025","115,70","116,00","116,00","115,70","-0,44%"
"12/06/2025","116,21","116,00","116,21","116,21","0,06%"
"11/06/2025","116,14","116,00","116,14","115,72","0,10%"
"10/06/2025","116,02","115,64","116,03","115,64","0,18%"
"09/06/2025","115,81","115,81","116,07","115,81","0,14%"
"06/06/2025","115,65","116,00","115,65","115,65","-0,52%"
"05/06/2025","116,26","116,00","116,26","116,00","-0,09%"
"04/06/2025","116,37","115,56","116,37","115,55","0,14%"
"03/06/2025","116,21","116,21","116,21","116,21","0,37%"
"02/06/2025","115,78","115,56","115,78","115,78","0,19%"
"30/05/2025","115,56","115,56","115,56","115,56","-0,47%"
"29/05/2025","116,11","115,26","116,11","115,26","0,09%"
"28/05/2025","116,00","115,99","116,00","115,28","0,29%"
"27/05/2025","115,67","115,40","115,67","115,22","0,00%"
"26/05/2025","115,67","114,95","115,67","115,67","0,63%"
"23/05/2025","114,95","114,95","114,95","114,95","0,01%"
"22/05/2025","114,94","114,41","115,34","114,41","-0,48%"
"21/05/2025","115,49","115,41","115,49","115,41","-0,09%"
"20/05/2025","115,59","115,59","115,59","115,59","0,10%"
"19/05/2025","115,48","114,96","115,48","114,78","0,30%"
"16/05/2025","115,13","114,83","115,47","114,73","0,04%"
"15/05/2025","115,08","115,25","115,08","115,08","0,18%"
"14/05/2025","114,87","115,25","114,87","114,87","-0,21%"
"13/05/2025","115,11","115,25","115,25","115,11","-0,26%"
"09/05/2025","115,41","115,41","115,41","115,41","-0,41%"
"07/05/2025","115,89","115,50","115,89","115,12","0,51%"
"06/05/2025","115,30","114,89","115,30","114,89","-0,36%"
"05/05/2025","115,72","114,99","115,72","114,99","0,60%"
"02/05/2025","115,03","115,03","115,03","115,03","-0,41%"
"30/04/2025","115,50","115,50","115,50","115,50","-0,89%"
"29/04/2025","116,54","116,07","116,54","116,07","0,41%"
"28/04/2025","116,06","116,09","116,76","116,06","-0,76%"
"24/04/2025","116,95","116,95","116,95","116,95","0,70%"
"23/04/2025","116,14","115,98","116,50","115,98","0,90%"
"16/04/2025","115,10","114,29","115,10","114,29","0,17%"
"15/04/2025","114,90","114,75","114,90","114,31","0,58%"
"14/04/2025","114,24","114,36","114,40","113,66","0,77%"
"11/04/2025","113,37","113,36","113,98","113,36","0,11%"
"10/04/2025","113,24","115,22","115,22","113,15","0,09%"
"04/04/2025","113,14","113,14","113,14","113,14","-0,64%"
"02/04/2025","113,87","113,87","113,87","113,87","0,08%"
"31/03/2025","113,78","113,66","113,78","113,66","0,47%"
"27/03/2025","113,25","113,25","113,25","113,25","-0,02%"
"26/03/2025","113,27","113,85","113,85","113,27","-0,33%"
"24/03/2025","113,65","113,65","113,65","113,65","0,02%"
"21/03/2025","113,63","113,63","113,63","113,63","-0,03%"
"19/03/2025","113,66","113,66","113,66","113,66","0,58%"
"18/03/2025","113,00","113,38","113,38","113,00","-0,03%"
"17/03/2025","113,03","112,72","113,41","112,72","0,51%"
"14/03/2025","112,46","113,14","113,14","112,46","-1,06%"
"11/03/2025","113,66","113,66","113,66","113,66","-1,13%"
"10/03/2025","114,96","114,96","114,96","114,96","0,53%"
"06/03/2025","114,35","114,12","114,35","114,12","-0,61%"
"05/03/2025","115,05","115,05","115,05","115,05","-1,10%"
"04/03/2025","116,33","116,33","116,33","116,33","-0,27%"
"03/03/2025","116,64","116,03","116,64","116,03","0,39%"
"28/02/2025","116,19","116,70","116,70","116,19","-0,73%"
"27/02/2025","117,04","117,04","117,04","117,04","0,38%"
"26/02/2025","116,60","117,03","117,15","116,60","0,23%"
"25/02/2025","116,33","116,21","116,96","116,21","0,07%"
"24/02/2025","116,25","116,25","116,25","116,25","-0,64%"
"21/02/2025","117,00","117,06","117,06","117,00","0,52%"
"20/02/2025","116,40","116,77","116,77","116,40","0,18%"
"19/02/2025","116,19","116,57","116,57","116,19","-0,40%"
"18/02/2025","116,66","116,33","116,66","116,11","0,03%"
"17/02/2025","116,62","116,53","116,62","116,15","-0,15%"
"13/02/2025","116,79","116,40","116,79","116,40","0,48%"
"11/02/2025","116,23","116,78","116,78","116,23","-0,35%"
"07/02/2025","116,64","116,64","116,64","116,64","-0,06%"
"05/02/2025","116,71","117,00","117,00","116,71","-0,09%"
"04/02/2025","116,82","116,87","116,87","116,82","0,45%"
"03/02/2025","116,30","116,30","116,30","116,30","0,69%"
"29/01/2025","115,50","115,02","115,50","115,02","0,10%"
"28/01/2025","115,38","115,38","115,38","115,38","-0,24%"
"27/01/2025","115,66","115,69","115,69","115,07","0,00%"
"23/01/2025","115,66","116,02","116,02","115,66","-0,21%"
"22/01/2025","115,90","115,90","115,90","115,90","0,06%"
"21/01/2025","115,83","115,72","115,83","115,25","0,53%"
"16/01/2025","115,22","115,49","115,49","115,22","0,21%"
"15/01/2025","114,98","114,98","114,98","114,98","0,16%"
"14/01/2025","114,80","114,84","114,84","114,80","-0,03%"
"08/01/2025","114,84","114,84","114,84","114,84","-0,82%"
"07/01/2025","115,79","116,15","116,15","115,79","-0,12%"
"06/01/2025","115,93","115,93","115,93","115,93","0,10%"
"30/12/2024","115,81","115,81","115,81","115,81","0,01%"
"27/12/2024","115,80","115,80","115,80","115,80","-0,46%"
"23/12/2024","116,33","116,78","116,78","116,33","-0,37%"
"20/12/2024","116,76","116,76","116,76","116,76","-0,37%"
"19/12/2024","117,19","116,90","117,19","116,10","0,33%"
"18/12/2024","116,81","116,81","116,81","116,81","-0,10%"
"17/12/2024","116,93","116,93","116,93","116,93","-0,82%"
"13/12/2024","117,90","117,90","117,90","117,90","-0,42%"
"12/12/2024","118,40","117,87","118,40","117,87","-0,15%"
"11/12/2024","118,58","118,25","118,69","118,25","0,24%"
"10/12/2024","118,30","118,27","118,89","118,27","-0,42%"
"09/12/2024","118,80","119,29","119,29","118,80","-0,18%"
"06/12/2024","119,02","117,20","119,02","117,20","1,35%"
"05/12/2024","117,43","118,51","118,51","117,43","-0,82%"
"03/12/2024","118,40","117,73","118,40","117,73","0,27%"
"02/12/2024","118,08","118,64","118,64","118,08","0,62%"
"29/11/2024","117,35","117,35","117,35","117,35","0,41%"
"27/11/2024","116,87","116,87","116,87","116,87","-0,16%"
"26/11/2024","117,06","117,06","117,06","117,06","0,30%"
"25/11/2024","116,71","116,71","116,71","116,71","-0,25%"
"21/11/2024","117,00","116,02","117,00","116,02","0,14%"
"20/11/2024","116,84","116,25","116,84","116,25","0,53%"
"19/11/2024","116,22","116,15","116,22","116,15","-0,06%"
"18/11/2024","116,29","116,39","116,39","115,46","-0,24%"
"15/11/2024","116,57","116,70","116,70","116,57","0,02%"
"14/11/2024","116,55","115,83","116,55","115,83","0,82%"
"13/11/2024","115,60","115,47","115,76","115,47","-0,06%"
"12/11/2024","115,67","115,72","115,72","115,65","0,31%"
"11/11/2024","115,31","114,72","115,31","114,72","0,17%"
"08/11/2024","115,11","115,10","115,11","115,10","0,26%"
"07/11/2024","114,81","115,05","115,05","114,40","0,53%"
"05/11/2024","114,20","114,20","114,20","114,20","-0,22%"
"04/11/2024","114,45","114,45","114,45","114,45","-1,11%"
"29/10/2024","115,74","115,65","115,83","115,51","0,23%"
"28/10/2024","115,48","116,09","116,09","115,48","-0,06%"
"23/10/2024","115,55","115,55","115,55","115,55","0,04%"
"22/10/2024","115,50","115,77","115,77","115,50","-0,33%"
"21/10/2024","115,88","116,51","116,51","115,73","-0,53%"
"18/10/2024","116,50","115,90","116,50","115,90","0,05%"
"17/10/2024","116,44","116,68","116,68","116,37","-0,21%"
"16/10/2024","116,68","116,64","116,68","115,91","0,40%"
"15/10/2024","116,22","116,22","116,22","116,22","0,27%"
"14/10/2024","115,91","115,99","115,99","115,91","0,14%"
"10/10/2024","115,75","115,75","115,75","115,75","0,13%"
"09/10/2024","115,60","115,60","115,60","115,60","0,11%"
"08/10/2024","115,47","115,47","115,47","115,47","-0,10%"
"07/10/2024","115,58","115,58","115,58","115,58","-0,72%"
"04/10/2024","116,42","116,57","116,57","116,42","-0,04%"
"03/10/2024","116,47","115,98","116,47","115,98","-0,37%"
"02/10/2024","116,90","117,00","117,00","116,90","-0,79%"
"01/10/2024","117,83","116,90","117,83","116,90","0,79%"
"30/09/2024","116,91","116,12","116,91","116,12","-0,49%"
"26/09/2024","117,48","117,48","117,48","117,48","0,75%"
"25/09/2024","116,60","116,61","117,35","116,60","-0,70%"
"24/09/2024","117,42","116,50","117,42","116,50","0,37%"
"23/09/2024","116,99","116,50","117,25","116,50","0,88%"
"20/09/2024","115,97","116,94","116,94","115,97","-0,31%"
"17/09/2024","116,33","116,33","116,33","116,33","0,08%"
"06/09/2024","116,24","116,50","116,50","116,00","0,09%"
"05/09/2024","116,13","116,13","116,13","116,13","0,16%"
"04/09/2024","115,95","115,95","115,95","115,95","0,72%"
"03/09/2024","115,12","115,12","115,12","115,12","-0,66%"
"29/08/2024","115,88","115,88","115,88","115,88","0,15%"
"27/08/2024","115,71","115,71","115,71","115,71","-0,71%"
"13/08/2024","116,54","116,54","116,54","116,54","0,15%"
"05/08/2024","116,36","116,23","116,36","116,23","0,43%"
"02/08/2024","115,86","116,20","116,20","115,86","0,37%"
"01/08/2024","115,43","115,82","115,82","115,43","0,00%"
"31/07/2024","115,43","115,43","115,43","115,43","0,09%"
"29/07/2024","115,33","115,00","115,33","114,96","-0,17%"
"25/07/2024","115,53","114,34","115,53","114,34","0,24%"
"24/07/2024","115,25","115,25","115,25","115,25","0,34%"
"23/07/2024","114,86","113,87","114,90","113,87","0,00%"
"22/07/2024","114,86","114,86","114,86","114,86","-0,14%"
"19/07/2024","115,02","114,91","115,02","114,91","1,08%"
"18/07/2024","113,79","113,79","113,79","113,79","-0,21%"
"17/07/2024","114,03","114,03","114,03","114,03","0,08%"
"16/07/2024","113,94","115,13","115,13","113,94","-0,75%"
"15/07/2024","114,80","114,80","114,80","114,80","1,52%"
"12/07/2024","113,08","113,08","113,08","113,08","-1,45%"
"10/07/2024","114,74","114,74","114,74","114,74","1,26%"
"08/07/2024","113,31","112,77","113,31","112,77","-0,20%"
"04/07/2024","113,54","112,30","113,54","112,30","0,70%"
"03/07/2024","112,75","112,75","112,75","112,75","1,53%"
"02/07/2024","111,05","111,05","111,05","111,05","-1,42%"
"01/07/2024","112,65","112,65","112,65","112,65","0,13%"
"28/06/2024","112,50","112,70","112,70","112,50","-0,33%"
"27/06/2024","112,87","112,87","112,87","112,87","-0,03%"
"26/06/2024","112,90","112,90","112,90","112,90","-0,48%"
"21/06/2024","113,45","113,45","113,45","113,45","1,38%"
"20/06/2024","111,91","112,20","112,20","111,91","-1,05%"
"19/06/2024","113,10","113,10","113,10","113,10","0,26%"
"14/06/2024","112,81","112,81","112,81","112,81","-0,27%"
"12/06/2024","113,12","113,68","113,68","113,12","0,93%"
"11/06/2024","112,08","112,38","113,39","112,08","-1,64%"
"10/06/2024","113,95","112,01","114,16","112,01","0,04%"
"07/06/2024","113,91","114,40","114,40","113,00","1,33%"
"06/06/2024","112,41","112,41","112,41","112,41","-1,58%"
"04/06/2024","114,22","114,22","114,22","114,22","1,68%"
"03/06/2024","112,33","112,33","112,33","112,33","-0,65%"
"31/05/2024","113,06","113,06","113,06","113,06","-0,38%"
"30/05/2024","113,49","113,49","113,49","113,49","-0,22%"
"29/05/2024","113,74","113,74","113,74","113,74","-0,14%"
"27/05/2024","113,90","112,52","113,90","112,52","-0,28%"
"22/05/2024","114,22","114,22","114,22","114,22","-0,24%"
"21/05/2024","114,50","114,50","114,50","114,50","0,00%"
"20/05/2024","114,50","113,06","114,50","113,06","0,79%"
"17/05/2024","113,60","113,60","113,60","113,60","-1,08%"
"15/05/2024","114,84","114,84","114,84","114,84","0,18%"
"14/05/2024","114,63","114,63","114,63","114,63","0,69%"
"13/05/2024","113,85","113,85","113,85","113,85","-1,04%"
"10/05/2024","115,05","114,26","115,05","114,26","-0,51%"
"09/05/2024","115,64","115,64","115,64","115,64","1,31%"
"07/05/2024","114,15","114,15","114,15","114,15","-0,52%"
"06/05/2024","114,75","114,50","114,75","114,50","0,66%"
"03/05/2024","114,00","114,00","114,00","114,00","0,25%"
"02/05/2024","113,72","113,71","114,74","113,71","-0,01%"
"30/04/2024","113,73","113,50","113,73","113,50","0,74%"
"26/04/2024","112,90","113,27","113,27","112,90","-0,70%"
"24/04/2024","113,70","113,70","113,70","113,70","-0,78%"
"23/04/2024","114,59","114,59","114,59","114,59","0,67%"
"19/04/2024","113,83","113,83","113,83","113,83","-0,19%"
"18/04/2024","114,05","114,30","114,30","114,05","0,95%"
"17/04/2024","112,98","112,98","112,98","112,98","-0,87%"
"16/04/2024","113,97","113,78","113,97","113,78","-0,25%"
"15/04/2024","114,26","114,51","114,51","114,26","-0,88%"
"12/04/2024","115,27","114,33","115,49","114,33","0,51%"
"11/04/2024","114,69","113,79","114,69","113,77","-2,44%"
"10/04/2024","117,56","117,56","117,56","117,56","2,63%"
"08/04/2024","114,55","114,64","114,64","114,55","0,03%"
"05/04/2024","114,52","114,52","114,52","114,52","-0,69%"
"04/04/2024","115,31","115,31","115,31","115,31","0,66%"
"03/04/2024","114,55","114,55","114,55","114,55","-0,56%"
"02/04/2024","115,19","117,96","117,96","115,19","-0,27%"
"28/03/2024","115,50","114,90","115,62","114,73","0,52%"
"27/03/2024","114,90","115,19","115,31","114,51","0,67%"
"25/03/2024","114,14","114,50","115,12","114,14","-0,55%"
"22/03/2024","114,77","114,08","114,77","114,08","0,14%"
"21/03/2024","114,61","114,69","115,06","113,76","0,80%"
"20/03/2024","113,70","113,70","113,70","113,70","-0,04%"
"19/03/2024","113,75","115,09","115,09","113,75","-1,15%"
"15/03/2024","115,07","115,07","115,07","115,07","0,45%"
"14/03/2024","114,55","114,55","114,55","114,55","-1,20%"
"13/03/2024","115,94","116,21","116,21","115,51","-0,02%"
"12/03/2024","115,96","115,82","115,96","115,82","-0,03%"
"11/03/2024","115,99","116,12","116,12","115,99","-0,22%"
"08/03/2024","116,25","116,08","116,25","115,75","0,52%"
"07/03/2024","115,65","115,54","115,65","115,53","0,89%"
"06/03/2024","114,63","115,00","115,00","114,63","-0,78%"
"05/03/2024","115,53","115,42","115,58","114,37","0,52%"
"04/03/2024","114,93","115,07","115,07","114,93","-0,17%"
"01/03/2024","115,13","114,59","115,13","114,01","1,11%"
"27/02/2024","113,87","113,87","113,87","113,87","-0,11%"
"22/02/2024","113,99","114,55","114,55","113,99","-0,97%"
"21/02/2024","115,11","113,98","115,11","113,98","0,18%"
"20/02/2024","114,90","114,90","114,90","114,90","0,36%"
"16/02/2024","114,49","114,40","115,00","114,40","0,08%"
"14/02/2024","114,40","114,79","114,79","114,40","-0,29%"
"13/02/2024","114,73","114,73","114,73","114,73","0,00%"
"09/02/2024","114,73","114,51","114,73","114,40","0,15%"
"08/02/2024","114,56","114,82","114,82","114,56","0,03%"
"07/02/2024","114,53","115,34","115,34","114,53","-0,38%"
"05/02/2024","114,97","115,38","115,38","114,97","-1,20%"
"02/02/2024","116,37","116,37","116,37","116,37","-0,06%"
"01/02/2024","116,44","116,44","116,44","116,44","-0,21%"
"31/01/2024","116,69","115,40","116,69","115,40","0,98%"
"26/01/2024","115,56","115,56","115,56","115,56","0,17%"
"25/01/2024","115,36","114,68","115,36","114,56","0,31%"
"24/01/2024","115,00","115,16","115,16","114,20","-0,28%"
"23/01/2024","115,32","115,26","115,32","115,26","-0,11%"
"22/01/2024","115,45","115,48","115,48","115,20","0,83%"
"19/01/2024","114,50","115,35","115,35","114,50","-0,47%"
"18/01/2024","115,04","116,27","116,27","115,04","-0,03%"
"16/01/2024","115,07","115,07","115,07","115,07","0,02%"
"15/01/2024","115,05","115,05","115,05","115,05","-1,29%"
"12/01/2024","116,55","116,55","116,55","116,55","1,27%"
"11/01/2024","115,09","115,09","115,09","115,09","-0,33%"
"09/01/2024","115,47","116,52","116,52","115,47","-0,87%"
"08/01/2024","116,48","116,65","116,65","116,47","-0,52%"
"04/01/2024","117,09","117,76","117,76","117,09","-0,76%"
"03/01/2024","117,99","116,51","118,02","116,51","-0,85%"
"29/12/2023","119,00","119,00","119,00","119,00","-0,53%"
"28/12/2023","119,63","119,00","119,63","119,00","-0,39%"
"27/12/2023","120,10","120,10","120,10","120,10","0,76%"
"22/12/2023","119,19","119,19","119,19","119,19","0,08%"
"21/12/2023","119,09","118,10","119,09","118,10","0,00%"
"20/12/2023","119,09","119,04","119,09","119,04","0,44%"
"19/12/2023","118,57","118,57","118,57","118,57","1,54%"
"18/12/2023","116,77","118,46","118,46","116,77","-1,13%"
"15/12/2023","118,10","118,10","118,10","118,10","0,26%"
"14/12/2023","117,79","117,79","117,79","117,79","1,06%"
"13/12/2023","116,55","114,84","116,55","114,84","1,60%"
"12/12/2023","114,71","114,71","114,71","114,71","-1,15%"
"11/12/2023","116,05","115,97","116,05","115,95","-0,17%"
"06/12/2023","116,25","116,25","116,25","116,25","1,49%"
"05/12/2023","114,54","114,26","114,54","114,26","-0,91%"
"04/12/2023","115,59","114,20","115,59","114,18","2,08%"
"01/12/2023","113,24","113,24","113,24","113,24","-0,35%"
"30/11/2023","113,64","113,65","113,65","113,64","0,34%"
"29/11/2023","113,25","113,25","113,25","113,25","0,48%"
"27/11/2023","112,71","112,71","112,71","112,71","0,71%"
"22/11/2023","111,91","111,91","111,91","111,91","0,00%"
"21/11/2023","111,91","112,63","112,63","111,91","0,01%"
"20/11/2023","111,90","111,90","111,90","111,90","-0,18%"
"17/11/2023","112,10","112,10","112,10","112,10","0,18%"
"16/11/2023","111,90","111,90","111,90","111,90","0,00%"
"15/11/2023","111,90","111,91","111,91","111,90","-0,44%"
"14/11/2023","112,39","112,39","112,39","112,39","1,73%"
"13/11/2023","110,48","110,48","110,48","110,48","-1,27%"
"10/11/2023","111,90","111,90","111,90","111,90","0,66%"
"09/11/2023","111,17","112,48","112,48","111,17","0,32%"
"07/11/2023","110,81","110,81","110,81","110,81","-0,31%"
"06/11/2023","111,15","111,15","111,15","111,15","-0,28%"
"03/11/2023","111,46","111,46","111,46","111,46","-0,66%"
"02/11/2023","112,20","111,86","112,20","111,86","0,92%"
"01/11/2023","111,18","110,74","111,18","110,74","-0,02%"
"31/10/2023","111,20","111,20","111,20","111,20","0,48%"
"30/10/2023","110,67","110,67","110,67","110,67","1,56%"
"27/10/2023","108,97","108,97","108,97","108,97","-0,70%"
"26/10/2023","109,74","109,74","109,74","109,74","0,92%"
"25/10/2023","108,74","109,84","109,84","108,74","-1,29%"
"24/10/2023","110,16","110,52","110,52","110,16","2,00%"
"23/10/2023","108,00","108,00","108,00","108,00","-0,90%"
"19/10/2023","108,98","108,98","109,00","108,98","0,72%"
"18/10/2023","108,20","109,70","109,70","108,20","-1,99%"
"17/10/2023","110,40","110,40","110,40","110,40","0,77%"
"13/10/2023","109,56","109,56","109,56","109,56","-1,70%"
"12/10/2023","111,45","109,80","111,45","109,80","-0,18%"
"10/10/2023","111,65","110,57","111,65","110,57","1,22%"
"09/10/2023","110,30","108,31","110,30","108,31","0,56%"
"06/10/2023","109,69","110,00","110,00","109,69","-0,24%"
"05/10/2023","109,95","109,95","109,95","109,95","0,35%"
"04/10/2023","109,57","109,00","109,57","109,00","0,71%"
"03/10/2023","108,80","108,80","108,80","108,80","-1,35%"
"02/10/2023","110,29","110,50","110,50","110,29","-0,01%"
"29/09/2023","110,30","110,00","110,30","110,00","1,29%"
"28/09/2023","108,90","109,39","109,39","108,90","-0,67%"
"27/09/2023","109,64","110,00","110,00","109,64","-1,18%"
"26/09/2023","110,95","109,26","110,95","109,26","1,71%"
"25/09/2023","109,09","110,50","110,50","109,09","-2,55%"
"22/09/2023","111,95","111,94","111,95","111,94","1,27%"
"21/09/2023","110,55","110,55","110,55","110,55","0,77%"
"20/09/2023","109,70","109,70","109,70","109,70","-0,72%"
"18/09/2023","110,50","111,50","111,50","110,50","-0,90%"
"15/09/2023","111,50","111,50","113,49","111,50","0,62%"
"14/09/2023","110,81","110,81","110,81","110,81","-1,76%"
"12/09/2023","112,80","110,50","112,80","110,50","0,13%"
"11/09/2023","112,65","112,65","112,65","112,65","0,13%"
"07/09/2023","112,50","112,50","112,50","112,50","0,45%"
"06/09/2023","112,00","112,00","112,00","111,80","-0,18%"
"05/09/2023","112,20","112,20","112,20","112,20","-0,60%"
"31/08/2023","112,88","112,88","112,88","112,88","0,61%"
"30/08/2023","112,20","112,20","112,20","112,20","-0,91%"
"29/08/2023","113,23","113,23","113,23","113,23","0,11%"
"28/08/2023","113,10","111,01","113,10","111,01","-0,04%"
"25/08/2023","113,14","114,00","114,00","113,14","-0,83%"
"24/08/2023","114,09","114,09","114,09","114,09","0,53%"
"23/08/2023","113,49","113,49","113,49","113,49","1,33%"
"21/08/2023","112,00","112,00","112,00","112,00","0,99%"
"16/08/2023","110,90","110,90","110,90","110,90","-2,68%"
"10/08/2023","113,95","113,95","113,95","113,95","-0,05%"
"03/08/2023","114,01","114,01","114,01","114,01","-1,17%"
"02/08/2023","115,36","114,16","115,36","114,16","0,73%"
"01/08/2023","114,52","113,50","114,64","113,50","0,28%"
"31/07/2023","114,20","114,20","114,20","114,20","-0,31%"
"28/07/2023","114,55","113,78","114,85","113,78","-0,39%"
"24/07/2023","115,00","115,00","115,00","115,00","1,98%"
"21/07/2023","112,77","112,77","112,77","112,77","-1,93%"
"19/07/2023","114,99","113,86","115,00","113,31","0,74%"
"18/07/2023","114,14","114,14","114,14","114,14","1,28%"
"17/07/2023","112,70","112,70","112,70","112,70","0,08%"
"13/07/2023","112,61","113,50","113,50","112,61","0,14%"
"12/07/2023","112,45","111,88","112,45","111,88","1,48%"
"11/07/2023","110,81","110,81","110,81","110,81","-0,65%"
"10/07/2023","111,53","111,53","111,53","111,53","-0,69%"
"07/07/2023","112,30","112,30","112,30","112,30","0,06%"
"06/07/2023","112,23","112,23","112,23","112,23","-0,84%"
"05/07/2023","113,18","113,49","113,49","113,18","1,42%"
"04/07/2023","111,59","111,59","111,59","111,59","-1,59%"
"30/06/2023","113,39","113,39","113,39","113,39","-1,31%"
"27/06/2023","114,90","114,90","114,90","114,90","0,70%"
"21/06/2023","114,10","114,10","114,10","114,10","2,78%"
"20/06/2023","111,01","111,01","111,01","111,01","-1,54%"
"16/06/2023","112,75","110,71","112,75","110,71","0,22%"
"13/06/2023","112,50","114,24","114,24","112,50","-0,44%"
"09/06/2023","113,00","113,00","113,00","113,00","2,25%"
"08/06/2023","110,51","110,51","110,51","110,51","-2,80%"
"07/06/2023","113,69","113,69","113,69","113,69","0,78%"
"06/06/2023","112,81","112,81","112,81","112,81","-1,04%"
"31/05/2023","114,00","114,00","114,00","114,00","0,88%"
"30/05/2023","113,00","111,95","113,57","111,95","2,26%"
"29/05/2023","110,50","110,50","110,50","110,50","-1,91%"
"26/05/2023","112,65","112,65","112,65","112,65","1,40%"
"25/05/2023","111,10","110,75","111,10","110,63","-0,80%"
"22/05/2023","112,00","112,25","112,25","112,00","0,45%"
"19/05/2023","111,50","110,51","111,50","110,51","-1,06%"
"18/05/2023","112,70","112,90","112,90","112,70","-0,70%"
"17/05/2023","113,49","113,11","113,49","113,11","-0,41%"
"16/05/2023","113,96","112,60","113,96","112,27","1,54%"
"15/05/2023","112,23","113,99","113,99","112,23","-1,47%"
"11/05/2023","113,90","113,90","113,90","113,90","-0,70%"
"09/05/2023","114,70","114,70","114,70","114,70","0,35%"
"08/05/2023","114,30","114,30","114,30","114,30","-0,17%"
"05/05/2023","114,50","114,50","114,50","114,50","1,09%"
"04/05/2023","113,26","115,00","115,00","113,26","-0,47%"
"28/04/2023","113,80","113,89","113,89","113,80","0,71%"
"26/04/2023","113,00","112,70","113,72","112,70","-0,44%"
"25/04/2023","113,50","113,00","113,50","113,00","0,00%"
"20/04/2023","113,50","113,20","113,50","113,20","0,27%"
"19/04/2023","113,20","113,00","113,20","113,00","-0,26%"
"18/04/2023","113,50","113,50","113,50","113,50","0,04%"
"17/04/2023","113,46","113,46","113,46","113,46","-0,04%"
"14/04/2023","113,50","113,50","113,50","113,50","-1,69%"
"11/04/2023","115,45","115,70","115,70","115,45","2,61%"
"05/04/2023","112,51","112,51","112,51","112,51","-1,78%"
"04/04/2023","114,55","114,60","114,60","114,55","1,37%"
"31/03/2023","113,00","111,81","113,00","111,81","-1,34%"
"29/03/2023","114,54","114,54","114,54","114,54","-0,09%"
"28/03/2023","114,64","114,64","114,64","114,64","-0,37%"
"27/03/2023","115,07","115,06","115,07","115,06","-0,79%"
"24/03/2023","115,99","115,99","115,99","115,99","3,36%"
"23/03/2023","112,22","113,49","113,49","112,22","-2,97%"
"20/03/2023","115,65","114,00","115,65","114,00","1,46%"
"17/03/2023","113,99","113,99","113,99","113,99","1,18%"
"14/03/2023","112,66","110,46","112,66","110,46","1,49%"
"13/03/2023","111,01","111,01","111,01","111,01","0,69%"
"10/03/2023","110,25","110,25","110,25","110,25","-1,02%"
"09/03/2023","111,39","111,39","111,40","109,47","1,49%"
"08/03/2023","109,75","111,83","111,83","109,75","-1,48%"
"06/03/2023","111,40","111,40","111,40","111,40","2,66%"
"03/03/2023","108,51","108,51","108,51","108,51","-3,00%"
"01/03/2023","111,87","111,90","111,90","109,80","2,62%"
"28/02/2023","109,01","109,01","109,01","109,01","-0,93%"
"27/02/2023","110,03","112,10","112,10","110,03","-2,31%"
"23/02/2023","112,63","112,63","112,63","112,63","-0,06%"
"22/02/2023","112,70","112,69","112,70","112,69","-0,52%"
"17/02/2023","113,29","111,88","113,35","111,87","-0,18%"
"16/02/2023","113,49","113,45","113,49","113,45","-0,04%"
"15/02/2023","113,54","114,03","114,05","111,85","-0,84%"
"13/02/2023","114,50","113,00","114,50","113,00","1,45%"
"10/02/2023","112,86","112,86","112,86","112,86","-1,00%"
"08/02/2023","114,00","114,00","114,00","114,00","-0,64%"
"07/02/2023","114,74","114,74","114,74","114,74","1,09%"
"06/02/2023","113,50","113,50","113,50","113,50","-1,48%"
"03/02/2023","115,20","115,95","115,95","115,20","-0,69%"
"02/02/2023","116,00","113,91","116,00","113,91","2,41%"
"01/02/2023","113,27","113,27","113,27","113,27","0,05%"
"31/01/2023","113,21","113,21","113,21","113,21","-0,03%"
"30/01/2023","113,24","113,29","113,29","111,47","0,50%"
"26/01/2023","112,68","112,68","112,68","112,68","-0,19%"
"25/01/2023","112,90","112,90","112,90","112,90","0,40%"
"24/01/2023","112,45","112,45","112,45","112,45","-1,36%"
"23/01/2023","114,00","114,00","114,00","114,00","0,88%"
"09/01/2023","113,00","111,00","113,00","111,00","1,80%"
"03/01/2023","111,00","111,00","111,00","111,00","0,00%"
"02/01/2023","111,00","111,00","111,00","111,00","0,09%"
"27/12/2022","110,90","111,00","111,00","110,90","-0,40%"
"23/12/2022","111,35","111,35","111,35","111,35","-0,76%"
"21/12/2022","112,20","112,20","112,20","112,20","-1,75%"
"15/12/2022","114,20","114,20","114,20","114,20","-0,26%"
"09/12/2022","114,50","114,50","114,50","114,50","2,23%"
"30/11/2022","112,00","112,00","112,00","112,00","-2,18%"
"25/11/2022","114,50","114,50","114,50","114,50","-0,43%"
"24/11/2022","115,00","115,00","115,00","115,00","0,00%"
"23/11/2022","115,00","113,70","115,00","113,70","1,20%"
"22/11/2022","113,64","113,64","113,64","113,64","0,00%"
"21/11/2022","113,64","113,20","113,64","113,20","1,34%"
"18/11/2022","112,14","112,14","112,14","112,14","-0,76%"
"17/11/2022","113,00","111,00","113,00","111,00","1,44%"
"11/11/2022","111,40","111,40","111,40","111,40","1,36%"
"10/11/2022","109,90","109,90","109,90","109,90","1,76%"
"08/11/2022","108,00","108,00","108,00","108,00","-1,90%"
"07/11/2022","110,09","110,09","110,09","110,09","0,22%"
"04/11/2022","109,85","110,00","110,00","109,85","0,32%"
"03/11/2022","109,50","110,02","110,02","109,50","-0,90%"
"02/11/2022","110,50","108,90","110,50","108,90","2,31%"
"28/10/2022","108,01","108,50","108,50","108,01","-0,45%"
"27/10/2022","108,50","108,50","108,50","108,50","-0,46%"
"26/10/2022","109,00","109,00","109,00","109,00","4,31%"
"21/10/2022","104,50","105,20","105,20","104,50","-2,33%"
"20/10/2022","106,99","105,50","106,99","105,50","1,41%"
"19/10/2022","105,50","105,50","105,50","105,50","0,21%"
"18/10/2022","105,28","106,00","106,77","105,28","-2,52%"
"14/10/2022","108,00","108,00","108,00","108,00","0,70%"
"10/10/2022","107,25","107,25","107,25","107,25","-1,15%"
"07/10/2022","108,50","108,50","108,50","108,50","-2,24%"
"06/10/2022","110,99","110,99","110,99","110,99","1,34%"
"27/09/2022","109,52","111,60","111,60","109,52","-4,97%"
"22/09/2022","115,25","115,25","115,25","115,25","2,29%"
"20/09/2022","112,67","112,67","112,67","112,67","-3,68%"
"13/09/2022","116,97","116,97","116,97","116,97","1,71%"
"09/09/2022","115,00","114,75","115,00","114,75","0,48%"
"08/09/2022","114,45","115,01","115,01","114,45","-1,76%"
"06/09/2022","116,50","116,50","116,50","116,50","0,77%"
"31/08/2022","115,61","117,63","117,63","115,61","-2,03%"
"29/08/2022","118,00","118,00","118,00","118,00","-2,48%"
"23/08/2022","121,00","121,00","121,00","121,00","-5,69%"
"11/08/2022","128,30","128,30","128,30","128,30","-0,39%"
"05/08/2022","128,80","128,80","128,80","128,80","0,63%"
"03/08/2022","128,00","128,00","128,00","128,00","2,58%"
"26/07/2022","124,78","124,54","126,03","124,54","2,28%"
"19/07/2022","122,00","122,00","122,00","121,60","1,24%"
"08/07/2022","120,50","120,50","120,50","120,50","3,26%"
"29/06/2022","116,70","116,70","116,70","116,70","-0,26%"
"27/06/2022","117,00","117,00","117,00","117,00","0,00%"
"20/06/2022","117,00","117,00","117,00","117,00","-0,97%"
"17/06/2022","118,15","118,15","118,15","118,15","1,00%"
"15/06/2022","116,98","116,98","116,98","116,98","-5,81%"
"03/06/2022","124,20","124,04","124,44","124,04","-1,43%"
"23/05/2022","126,00","126,00","126,00","126,00","0,81%"
"11/05/2022","124,99","125,00","125,00","124,99","-3,48%"
"02/05/2022","129,50","129,50","129,50","129,50","0,40%"
"22/04/2022","128,99","129,00","129,00","128,99","-0,01%"
"13/04/2022","129,00","129,00","129,00","129,00","-6,99%"
"21/03/2022","138,70","136,00","138,70","136,00","1,99%"
"17/03/2022","136,00","136,00","136,00","136,00","-2,86%"
"14/02/2022","140,00","140,00","140,00","140,00","-0,60%"
"04/02/2022","140,85","140,86","140,86","140,85","-1,85%"
"03/02/2022","143,50","143,50","143,50","143,50","-2,38%"
"17/01/2022","147,00","147,00","147,00","147,00","-2,20%"
"14/12/2021","150,30","150,30","150,30","150,30","0,19%"
"22/10/2021","150,01","150,01","150,01","150,01","-1,34%"
"21/10/2021","152,04","152,04","152,04","152,04","-0,17%"
"04/06/2021","152,30","152,30","152,30","152,30","-0,79%"
"28/05/2021","153,51","153,51","153,51","153,51","0,33%"
"14/05/2021","153,00","153,00","153,00","153,00","-0,65%"
"30/04/2021","154,00","154,00","154,00","154,00","-2,22%"
"28/04/2021","157,50","156,00","157,50","156,00","0,16%"
"23/04/2021","157,25","157,25","157,25","157,25","1,60%"
"16/04/2021","154,78","154,78","154,78","154,78","-0,30%"
"18/03/2021","155,25","155,25","155,25","155,25","0,34%"
"02/03/2021","154,72","154,72","154,72","154,72","-5,08%"
"29/01/2021","163,00","163,00","163,00","163,00","1,88%"
"28/01/2021","160,00","160,00","160,00","160,00","-0,68%"
"25/01/2021","161,10","161,10","161,10","161,10","-0,06%"
"21/01/2021","161,19","161,20","161,20","161,19","1,69%"
"30/10/2020","158,51","158,51","158,51","158,51","0,00%"
"26/10/2020","158,51","158,51","158,51","158,51","0,89%"
"28/08/2020","157,11","157,11","157,11","157,11","0,22%"
"05/08/2020","156,77","156,77","156,77","156,77","-4,70%"
"03/08/2020","164,50","164,50","164,50","164,50","3,32%"
"29/07/2020","159,21","159,21","159,21","159,21","1,07%"
"28/07/2020","157,52","157,52","157,52","157,52","1,30%"
"23/07/2020","155,50","155,50","155,50","155,50","0,32%"
"21/07/2020","155,00","155,00","155,00","155,00","-0,51%"
"16/07/2020","155,80","155,80","155,80","155,80","2,10%"
"14/07/2020","152,60","152,60","152,60","152,60","-0,49%"
"13/07/2020","153,35","153,35","153,35","153,35","0,64%"
"07/07/2020","152,37","152,37","152,37","152,37","-2,33%"
"30/06/2020","156,00","156,00","156,00","156,00","2,16%"
"25/06/2020","152,70","152,70","152,70","152,70","1,80%"
"25/05/2020","150,00","150,00","150,00","150,00","0,67%"
"22/05/2020","149,00","149,00","149,00","149,00","1,02%"
"21/05/2020","147,50","147,50","147,50","147,50","-0,16%"
"18/05/2020","147,74","147,70","147,74","147,70","1,60%"
"15/05/2020","145,41","145,41","145,41","145,41","-3,06%"
"13/05/2020","150,00","150,00","150,00","150,00","-0,33%"
"30/04/2020","150,50","150,50","150,50","150,50","-0,33%"
"28/04/2020","151,00","151,00","151,00","151,00","1,48%"
"27/04/2020","148,80","148,80","148,80","148,80","0,20%"
"23/04/2020","148,50","148,50","148,50","148,50","0,07%"
"20/04/2020","148,40","148,40","148,40","148,40","2,35%"
"15/04/2020","144,99","144,99","144,99","144,99","0,02%"
"09/04/2020","144,96","144,55","144,96","144,55","0,60%"
"30/03/2020","144,09","144,09","144,09","144,09","8,34%"
"19/03/2020","133,00","135,00","135,00","133,00","-15,95%"
"10/03/2020","158,24","158,24","158,24","158,24","-0,92%"
"05/03/2020","159,71","159,71","159,71","159,71","0,22%"
"04/03/2020","159,36","159,10","159,36","159,10","-0,39%"
"03/03/2020","159,99","159,99","159,99","159,99","0,31%"
"28/02/2020","159,50","156,85","159,50","156,85","0,69%"
"26/02/2020","158,40","158,40","158,40","158,40","-1,77%"
"25/02/2020","161,26","161,26","161,26","161,26","1,83%"
"24/02/2020","158,36","158,36","158,36","158,36","-0,71%"
"20/02/2020","159,50","161,26","161,26","159,50","-0,31%"
"19/02/2020","160,00","160,00","160,00","160,00","1,48%"
"18/02/2020","157,67","157,67","157,67","157,67","-0,68%"
"14/02/2020","158,75","159,00","159,00","158,75","-0,34%"
"10/02/2020","159,29","159,29","159,29","159,29","0,31%"
"06/02/2020","158,80","158,80","158,80","158,80","0,13%"
"04/02/2020","158,60","159,20","159,20","158,60","-0,58%"
"31/01/2020","159,53","158,57","159,53","158,57","0,79%"
"30/01/2020","158,28","158,28","158,28","158,28","0,25%"
"29/01/2020","157,88","157,88","157,88","157,88","-0,14%"
"28/01/2020","158,10","158,10","158,10","158,10","0,79%"
"23/01/2020","156,86","156,86","156,86","156,86","0,20%"
"22/01/2020","156,54","157,50","157,50","156,54","0,73%"
"17/01/2020","155,41","155,40","155,41","155,40","-0,39%"
"16/01/2020","156,02","156,02","156,02","156,02","0,33%"
"15/01/2020","155,50","155,50","155,50","155,50","0,95%"
"14/01/2020","154,03","154,03","154,03","154,03","-0,56%"
"13/01/2020","154,90","154,90","154,90","154,90","-0,64%"
"08/01/2020","155,89","155,90","155,90","155,89","-0,07%"
"06/01/2020","156,00","156,00","156,00","156,00","0,12%"
"19/12/2019","155,82","155,50","155,82","155,50","0,24%"
"17/12/2019","155,45","155,45","155,45","155,45","-0,54%"
"13/12/2019","156,30","156,30","156,30","156,30","-0,26%"
"10/12/2019","156,70","156,70","156,70","156,70","-0,03%"
"09/12/2019","156,74","155,46","156,74","155,46","0,25%"
"05/12/2019","156,35","156,35","156,35","156,35","1,01%"
"03/12/2019","154,78","154,78","154,78","154,78","-1,20%"
"02/12/2019","156,66","156,66","156,66","156,66","0,10%"
"21/11/2019","156,50","156,50","156,50","156,50","-0,27%"
"20/11/2019","156,93","156,93","156,93","156,93","-0,18%"
"14/11/2019","157,21","157,21","157,21","157,21","0,07%"
"13/11/2019","157,10","157,10","157,10","157,10","0,81%"
"12/11/2019","155,83","157,11","157,11","155,83","-0,75%"
"07/11/2019","157,00","157,00","157,00","157,00","-0,17%"
"05/11/2019","157,26","157,26","157,26","157,26","-0,84%"
"04/11/2019","158,60","158,60","158,60","158,60","-0,16%"
"31/10/2019","158,86","158,86","158,86","158,86","2,19%"
"30/10/2019","155,45","155,45","155,45","155,45","-2,04%"
"29/10/2019","158,69","158,69","158,69","158,69","2,69%"
"28/10/2019","154,54","154,54","154,54","154,54","0,25%"
"14/10/2019","154,16","154,16","154,16","154,16","-2,61%"
"11/10/2019","158,29","158,29","158,29","158,29","0,60%"
"07/10/2019","157,35","157,35","157,35","157,35","-1,53%"
"03/10/2019","159,80","159,80","159,80","159,80","2,61%"
"02/10/2019","155,74","155,74","155,74","155,74","-1,80%"
"27/09/2019","158,60","158,60","158,60","158,60","1,92%"
"12/09/2019","155,61","155,61","155,61","155,61","-0,25%"
"11/09/2019","156,00","156,00","156,00","156,00","-4,88%"
"27/08/2019","164,00","164,00","164,00","164,00","2,85%"
"13/08/2019","159,46","159,46","159,46","159,46","-0,96%"
"07/08/2019","161,00","161,00","161,00","161,00","1,09%"
"05/08/2019","159,27","161,48","161,48","159,27","-0,77%"
"02/08/2019","160,50","160,69","160,69","160,50","-1,76%"
"31/07/2019","163,37","163,37","163,37","163,37","1,95%"
"25/07/2019","160,25","160,25","160,25","160,25","1,61%"
"24/07/2019","157,71","157,71","157,71","157,71","-1,31%"
"16/07/2019","159,80","159,79","159,80","159,79","1,24%"
"15/07/2019","157,85","157,85","157,85","157,85","-0,75%"
"10/07/2019","159,04","159,04","159,04","159,04","1,94%"
"05/07/2019","156,02","156,02","156,02","156,02","0,46%"
"03/07/2019","155,31","155,31","155,31","155,31","-1,58%"
"01/07/2019","157,80","154,62","157,80","154,62","2,17%"
"28/06/2019","154,45","154,45","154,45","154,45","0,12%"
"27/06/2019","154,26","153,57","154,26","153,57","-0,16%"
"24/06/2019","154,50","154,50","154,50","154,50","1,78%"
"18/06/2019","151,80","151,80","151,80","151,80","0,07%"
"17/06/2019","151,70","151,70","151,70","151,70","-0,36%"
"12/06/2019","152,25","152,25","152,25","152,25","1,90%"
"10/06/2019","149,41","149,41","149,41","149,41","-1,05%"
"07/06/2019","151,00","149,32","151,00","149,32","1,42%"
"06/06/2019","148,88","148,88","148,88","148,88","-1,53%"
"05/06/2019","151,19","151,19","151,19","151,19","1,79%"
"04/06/2019","148,53","148,53","148,53","148,53","-0,09%"
"30/05/2019","148,66","150,85","150,85","148,66","-0,89%"
"22/05/2019","150,00","149,99","150,00","149,99","-1,05%"
"13/05/2019","151,59","151,59","151,59","151,59","2,04%"
"06/05/2019","148,56","148,56","148,56","148,56","0,31%"
"03/05/2019","148,10","148,10","148,10","148,10","0,00%"
"02/05/2019","148,10","148,10","148,10","148,10","-2,62%"
"26/04/2019","152,09","153,19","153,19","152,09","1,39%"
"24/04/2019","150,00","148,75","150,00","148,75","0,07%"
"23/04/2019","149,90","149,90","149,90","149,90","1,63%"
"18/04/2019","147,50","147,50","147,50","147,50","-0,67%"
"17/04/2019","148,50","146,16","149,04","146,16","1,49%"
"15/04/2019","146,32","149,04","149,04","146,32","-0,27%"
"11/04/2019","146,71","146,71","146,71","146,71","0,18%"
"09/04/2019","146,45","149,32","149,32","146,45","-0,88%"
"01/04/2019","147,75","147,75","147,75","147,75","-1,00%"
"29/03/2019","149,24","149,00","150,31","149,00","1,56%"
"27/03/2019","146,95","147,79","147,80","146,95","-0,05%"
"26/03/2019","147,02","146,33","147,02","146,33","0,00%"
"25/03/2019","147,02","147,02","147,02","147,02","0,14%"
"22/03/2019","146,81","146,66","146,81","146,66","0,83%"
"21/03/2019","145,60","145,82","147,30","145,60","-0,15%"
"20/03/2019","145,82","145,82","145,82","145,82","0,45%"
"19/03/2019","145,16","145,16","145,16","145,16","-0,39%"
"14/03/2019","145,73","145,73","145,73","145,73","0,22%"
"08/03/2019","145,41","145,40","145,41","145,40","-0,27%"
"05/03/2019","145,81","145,81","145,81","145,81","2,35%"
"28/02/2019","142,46","142,46","142,46","142,46","-1,07%"
"27/02/2019","144,00","144,00","144,00","144,00","0,70%"
"26/02/2019","143,00","143,00","143,00","143,00","-2,46%"
"25/02/2019","146,60","146,60","146,60","146,60","2,24%"
"22/02/2019","143,39","143,39","143,39","143,39","-2,22%"
"19/02/2019","146,65","145,33","146,65","144,40","1,67%"
"18/02/2019","144,24","144,24","144,24","144,24","0,53%"
"15/02/2019","143,48","143,56","143,56","143,48","-1,38%"
"12/02/2019","145,49","145,49","145,49","145,49","2,63%"
"04/02/2019","141,76","141,76","141,76","141,76","0,50%"
"31/01/2019","141,05","141,05","141,05","141,05","-0,66%"
"28/01/2019","141,99","139,42","141,99","139,42","1,85%"
"24/01/2019","139,41","139,41","139,41","139,41","-0,32%"
"23/01/2019","139,86","139,86","139,86","139,86","0,60%"
"22/01/2019","139,03","141,01","141,01","139,03","-0,61%"
"14/01/2019","139,88","139,89","139,89","139,88","-0,97%"
"11/01/2019","141,25","141,25","141,25","141,25","1,61%"
"09/01/2019","139,01","139,01","139,01","139,01","-0,14%"
"08/01/2019","139,20","139,20","139,20","139,20","-1,96%"
"19/12/2018","141,99","139,55","141,99","139,55","0,52%"
"18/12/2018","141,25","139,79","141,31","139,79","1,07%"
"17/12/2018","139,75","139,75","139,75","139,75","-1,15%"
"14/12/2018","141,38","141,38","141,38","141,38","-0,20%"
"12/12/2018","141,66","140,70","141,66","140,70","2,44%"
"11/12/2018","138,29","138,29","138,29","138,29","-0,77%"
"06/12/2018","139,37","139,37","139,37","139,37","-0,51%"
"05/12/2018","140,08","141,00","141,00","140,08","0,42%"
"03/12/2018","139,49","139,49","139,49","139,49","0,03%"
"28/11/2018","139,45","138,57","139,45","138,57","0,64%"
"26/11/2018","138,57","138,57","138,57","138,57","-0,24%"
"23/11/2018","138,90","138,90","138,90","138,90","0,23%"
"22/11/2018","138,58","138,58","138,58","138,58","-0,77%"
"16/11/2018","139,66","140,50","140,50","139,66","-0,27%"
"08/11/2018","140,04","140,04","140,04","140,04","-0,33%"
"07/11/2018","140,50","140,50","140,50","140,50","-0,23%"
"29/10/2018","140,83","140,83","140,83","140,83","-0,40%"
"24/10/2018","141,40","141,40","141,40","141,40","0,00%"
"23/10/2018","141,40","141,40","141,40","141,40","1,10%"
"18/10/2018","139,86","139,86","139,86","139,86","-1,44%"
"17/10/2018","141,90","141,90","141,90","141,90","1,17%"
"16/10/2018","140,26","140,26","140,26","140,26","-1,05%"
"15/10/2018","141,75","140,26","141,75","140,26","1,63%"
"11/10/2018","139,48","139,05","139,48","139,05","0,14%"
"09/10/2018","139,29","141,58","141,58","139,29","0,24%"
"05/10/2018","138,96","138,96","138,96","138,96","-2,31%"
"28/09/2018","142,25","142,59","142,59","142,25","1,25%"
"27/09/2018","140,50","140,50","140,50","140,50","0,60%"
"26/09/2018","139,66","139,66","139,66","139,66","-0,24%"
"25/09/2018","140,00","140,00","140,00","140,00","-0,48%"
"20/09/2018","140,67","140,67","140,67","140,67","0,72%"
"19/09/2018","139,66","139,66","139,66","139,66","-1,64%"
"18/09/2018","141,99","141,99","141,99","141,99","0,85%"
"17/09/2018","140,79","140,34","141,46","140,34","0,42%"
"14/09/2018","140,20","140,20","140,20","140,20","0,65%"
"11/09/2018","139,30","139,30","139,30","139,30","-2,42%"
"07/09/2018","142,75","142,75","142,75","142,75","-0,09%"
"06/09/2018","142,88","142,88","142,88","142,88","1,40%"
"05/09/2018","140,91","140,91","140,91","140,91","-1,85%"
"04/09/2018","143,57","143,57","143,57","143,57","1,13%"
"03/09/2018","141,96","141,96","141,96","141,96","0,41%"
"31/08/2018","141,38","141,38","141,38","141,38","0,02%"
"28/08/2018","141,35","141,35","141,35","141,35","-0,11%"
"24/08/2018","141,51","141,51","141,51","141,51","-1,01%"
"21/08/2018","142,95","142,95","142,95","142,95","-0,63%"
"16/08/2018","143,85","143,85","143,85","143,85","0,66%"
"09/08/2018","142,91","142,99","142,99","142,89","0,43%"
"08/08/2018","142,30","142,30","142,30","142,30","-0,04%"
"07/08/2018","142,35","142,35","142,35","142,35","-0,45%"
"06/08/2018","142,99","141,65","142,99","141,65","-0,22%"
"03/08/2018","143,30","141,30","143,30","141,29","2,15%"
"02/08/2018","140,29","140,29","140,29","140,29","-0,07%"
"31/07/2018","140,39","140,39","140,39","140,39","-1,13%"
"26/07/2018","142,00","142,00","142,00","142,00","0,74%"
"25/07/2018","140,95","140,95","140,95","140,95","0,72%"
"24/07/2018","139,94","139,94","139,94","139,94","-1,03%"
"20/07/2018","141,40","141,40","141,40","141,40","0,00%"
"18/07/2018","141,40","141,40","141,40","141,40","0,23%"
"13/07/2018","141,08","141,07","141,08","141,07","0,26%"
"10/07/2018","140,72","140,72","140,72","140,72","0,61%"
"05/07/2018","139,87","139,87","139,87","139,87","-0,43%"
"03/07/2018","140,47","140,47","140,47","140,47","-0,52%"
"25/06/2018","141,20","141,20","141,20","141,20","0,31%"
"20/06/2018","140,77","140,77","140,77","140,77","-0,87%"
"19/06/2018","142,00","142,00","142,00","142,00","1,28%"
"14/06/2018","140,20","140,20","140,20","140,20","-0,56%"
"13/06/2018","140,99","140,99","140,99","140,99","1,00%"
"11/06/2018","139,60","139,60","139,60","139,60","-0,03%"
"08/06/2018","139,64","140,37","140,37","139,64","0,35%"
"07/06/2018","139,15","139,15","139,15","139,15","-1,80%"
"04/06/2018","141,70","141,70","141,70","141,70","1,07%"
"01/06/2018","140,20","140,10","140,20","140,10","-0,45%"
"31/05/2018","140,84","140,84","140,84","140,84","-1,70%"
"29/05/2018","143,27","142,50","143,27","142,50","2,35%"
"28/05/2018","139,98","139,98","139,98","139,98","-0,55%"
"24/05/2018","140,76","140,76","140,76","140,76","0,38%"
"23/05/2018","140,23","141,60","142,46","140,17","-1,52%"
"22/05/2018","142,40","140,41","142,40","140,41","0,11%"
"21/05/2018","142,25","140,81","142,25","140,81","1,67%"
"18/05/2018","139,91","141,99","141,99","139,91","-0,40%"
"17/05/2018","140,47","140,47","140,47","140,47","-0,21%"
"15/05/2018","140,76","140,76","140,76","140,76","-1,08%"
"14/05/2018","142,30","142,30","142,30","142,30","0,21%"
"11/05/2018","142,00","142,00","142,00","142,00","-0,28%"
"10/05/2018","142,40","142,30","142,40","142,30","0,91%"
"09/05/2018","141,11","141,28","141,28","141,11","-0,51%"
"08/05/2018","141,83","141,83","141,83","141,83","-0,04%"
"04/05/2018","141,88","141,88","141,88","141,88","0,11%"
"03/05/2018","141,73","141,73","141,73","141,73","0,08%"
"26/04/2018","141,61","141,58","141,61","141,58","-0,78%"
"24/04/2018","142,73","141,12","142,73","141,12","1,19%"
"23/04/2018","141,05","141,02","141,05","141,02","-1,59%"
"20/04/2018","143,33","143,33","143,33","143,33","1,03%"
"19/04/2018","141,87","141,87","141,87","141,87","-1,34%"
"18/04/2018","143,79","143,00","144,00","143,00","1,48%"
"13/04/2018","141,69","141,97","141,97","141,69","-0,60%"
"12/04/2018","142,55","142,55","142,55","142,55","0,34%"
"09/04/2018","142,06","142,06","142,06","142,06","-1,26%"
"06/04/2018","143,88","143,06","143,88","142,48","0,99%"
"05/04/2018","142,47","142,48","142,48","142,47","-1,06%"
"03/04/2018","143,99","143,00","143,99","142,68","0,87%"
"28/03/2018","142,75","144,00","144,00","142,75","-1,14%"
"27/03/2018","144,39","144,39","144,39","144,39","1,30%"
"26/03/2018","142,53","144,03","144,03","142,53","-0,95%"
"22/03/2018","143,90","141,89","143,90","141,89","2,09%"
"21/03/2018","140,96","140,96","140,96","140,96","-1,70%"
"16/03/2018","143,40","143,40","143,40","143,40","-1,10%"
"15/03/2018","144,99","143,31","144,99","143,31","0,33%"
"12/03/2018","144,52","143,73","144,52","143,73","1,41%"
"08/03/2018","142,51","142,51","142,51","142,51","-0,96%"
"07/03/2018","143,89","143,10","143,89","143,10","-0,42%"
"05/03/2018","144,50","144,50","144,50","144,50","0,38%"
"01/03/2018","143,96","144,98","144,98","143,96","-0,71%"
"28/02/2018","144,99","142,95","144,99","142,95","-0,55%"
"27/02/2018","145,79","145,00","145,79","144,50","1,52%"
"23/02/2018","143,61","143,61","143,61","143,61","0,45%"
"22/02/2018","142,96","144,00","144,00","142,96","-0,51%"
"21/02/2018","143,70","143,70","143,70","143,70","0,63%"
"20/02/2018","142,80","142,80","142,80","142,80","0,44%"
"16/02/2018","142,17","142,17","142,17","142,17","-0,58%"
"15/02/2018","143,00","143,00","143,00","143,00","-1,02%"
"13/02/2018","144,48","141,71","144,48","141,71","1,88%"
"12/02/2018","141,81","141,81","141,81","141,81","-0,71%"
"09/02/2018","142,82","144,00","144,00","142,82","-1,70%"
"07/02/2018","145,29","145,51","145,51","145,29","1,34%"
"01/02/2018","143,37","143,37","143,37","143,37","-0,22%"
"31/01/2018","143,69","143,69","143,69","143,69","0,08%"
"30/01/2018","143,57","143,57","143,57","143,57","-1,43%"
"29/01/2018","145,66","145,66","145,66","145,66","0,66%"
"17/01/2018","144,70","144,68","144,70","144,68","-1,03%"
"16/01/2018","146,20","146,20","146,20","146,20","0,29%"
"15/01/2018","145,77","145,74","145,77","145,74","0,60%"
"11/01/2018","144,90","144,90","144,90","144,90","-0,23%"
"09/01/2018","145,24","145,24","145,24","145,24","-1,86%"
"27/12/2017","148,00","148,00","148,00","148,00","2,25%"
"21/12/2017","144,75","144,75","144,75","144,75","-1,53%"
"20/12/2017","147,00","147,00","147,00","147,00","-0,14%"
"19/12/2017","147,20","148,00","148,00","147,20","-1,35%"
"18/12/2017","149,22","148,90","149,22","148,90","1,03%"